생산량,생산비용,공급품질평가(%),배송지연(일),결함률,품질평가점수,유지관리(시간),가동중단 시간비율(%),재고회전율,재고부족율(%),근로생산성(%),월별안전사고건,에너지소비량(kWh),에너지효율,추가공정시간,추가재료비용($),결함상태
221,12587.79,92.02,2,2.43,97.51,0,2.63,5.93,0.03,85.32,6,3023.89,0.32,5.97,364.64,0
187,12625.41,89.64,3,0.97,99.82,9,0.26,3.17,0.03,97.74,5,1064.13,0.15,7.46,170.61,0
408,7401.07,98.26,5,4.39,63.39,22,0.65,3.03,0.07,83.30,8,1940.84,0.10,3.31,398.50,1
905,19877.15,97.04,3,3.09,85.15,12,0.24,2.12,0.07,85.70,2,2241.92,0.47,2.90,476.45,1
610,5529.67,95.33,0,4.33,75.84,7,3.04,6.59,0.05,97.36,0,2155.75,0.20,1.46,340.84,1
575,8037.21,97.60,3,4.68,71.67,11,3.67,7.42,0.07,83.42,1,2956.41,0.25,6.66,155.14,1
882,10519.11,97.98,0,3.34,92.23,12,3.44,9.55,0.05,82.21,5,3948.03,0.19,2.25,180.39,1
289,9903.97,92.47,1,4.30,60.37,14,2.25,7.27,0.05,98.86,0,3965.05,0.12,2.50,109.58,1
786,7233.32,82.63,2,1.84,72.50,16,2.62,5.81,0.08,93.46,5,4368.27,0.17,5.23,160.73,1
604,15831.06,86.02,2,1.07,86.11,10,1.87,6.70,0.02,97.06,6,2528.16,0.29,7.97,183.38,0
230,18292.94,83.68,2,4.21,64.85,8,0.69,3.62,0.03,95.70,0,3144.19,0.42,3.28,451.22,1
940,5048.27,80.81,2,2.88,83.96,20,0.34,6.91,0.05,96.77,6,4231.67,0.23,9.01,250.40,1
266,14293.84,86.52,3,1.95,69.66,21,4.28,4.49,0.07,83.90,2,3762.44,0.35,3.19,298.68,1
876,5972.80,95.38,4,2.34,87.50,13,3.59,8.18,0.02,94.55,5,3012.34,0.41,9.54,312.24,1
445,13699.76,88.51,0,1.64,99.72,8,0.61,3.82,0.01,83.68,0,4762.25,0.41,2.41,271.54,0
554,9047.31,97.70,2,2.63,89.50,13,1.66,2.72,0.10,80.50,8,2975.30,0.29,9.88,301.75,1
489,7211.79,87.27,4,2.91,65.59,16,4.77,4.44,0.02,92.80,2,3113.80,0.26,3.07,386.59,1
871,6329.01,86.64,4,2.07,63.85,9,3.57,3.78,0.04,93.42,0,4125.15,0.42,6.29,149.64,1
576,13973.38,95.31,1,2.80,94.78,10,4.75,7.50,0.08,85.06,3,3628.71,0.14,7.85,460.75,0
501,19975.21,84.10,4,4.43,95.04,21,4.88,8.79,0.01,95.87,9,4496.40,0.34,4.93,235.67,1
261,11318.72,81.28,4,2.11,72.39,1,4.19,8.50,0.08,88.87,8,2035.35,0.21,8.63,135.85,1
369,16784.77,85.66,1,3.27,72.23,6,3.97,2.49,0.03,80.50,3,1410.83,0.25,9.50,116.22,1
555,10757.49,94.35,0,4.27,91.95,11,4.24,7.45,0.00,91.18,3,1124.38,0.29,2.97,420.13,1
819,5362.88,98.95,1,2.16,95.29,15,3.59,8.04,0.05,85.24,6,2530.61,0.12,7.22,169.80,1
848,17475.46,84.38,3,2.14,76.09,8,0.71,7.24,0.05,92.33,2,1523.99,0.38,8.09,125.36,1
162,7030.31,88.21,4,2.44,83.87,8,4.17,6.97,0.03,91.04,5,2060.71,0.46,8.67,131.60,0
692,19349.22,93.83,5,3.04,64.92,1,2.22,8.06,0.05,97.19,1,1506.36,0.43,8.01,167.76,1
491,6034.37,93.23,4,2.62,70.20,16,2.08,3.84,0.10,87.70,3,1677.16,0.46,9.58,338.53,1
518,9232.81,87.37,3,4.47,84.74,12,1.43,3.56,0.03,82.41,2,2499.45,0.27,1.26,291.19,1
589,8743.19,98.20,2,0.52,96.87,6,2.86,2.55,0.00,99.43,9,2414.85,0.45,4.84,453.17,0
330,9079.25,94.35,4,1.60,61.45,2,1.72,3.68,0.04,80.28,3,3015.70,0.45,5.61,254.53,1
127,11746.10,95.96,0,0.95,69.23,18,4.03,3.52,0.04,97.79,7,1368.67,0.29,9.36,367.31,1
879,5504.20,87.72,4,1.32,95.52,13,4.90,8.75,0.04,93.60,0,4976.82,0.12,5.20,233.40,1
132,5939.80,99.33,3,0.56,78.94,19,1.82,5.34,0.06,97.44,6,3934.20,0.39,8.97,351.08,1
506,12986.31,97.26,5,3.26,89.46,23,3.63,6.25,0.08,96.43,8,2958.66,0.11,1.59,361.51,1
825,13402.52,96.53,4,2.48,82.32,9,2.07,7.77,0.07,97.72,9,1588.48,0.32,3.65,186.55,1
838,5783.87,81.09,0,2.55,61.56,2,3.12,4.48,0.09,81.08,3,4601.73,0.14,8.65,284.27,1
104,8847.95,97.16,4,0.81,95.77,0,0.82,5.42,0.01,94.79,6,3074.72,0.19,1.51,440.49,0
866,13479.95,82.58,5,4.47,84.65,5,3.64,5.41,0.09,86.66,5,1507.20,0.24,7.06,140.73,1
306,6711.44,83.32,2,2.17,94.47,10,4.13,6.20,0.06,93.70,3,4501.11,0.29,5.50,282.66,0
653,8764.50,86.86,0,1.25,63.74,15,4.25,5.70,0.03,90.64,7,3874.84,0.45,10.00,357.59,1
195,13153.07,81.93,1,1.79,90.14,21,2.47,4.32,0.07,96.14,5,3181.22,0.44,1.43,168.86,1
999,6225.88,94.41,5,4.73,98.83,21,0.32,8.34,0.07,80.65,5,2734.14,0.32,5.20,258.82,1
833,11874.51,85.64,0,3.93,91.48,8,1.38,6.83,0.05,80.98,1,3225.90,0.34,9.30,423.86,1
506,7486.62,80.79,4,0.67,88.29,4,3.68,5.00,0.00,87.39,3,2444.91,0.16,2.72,161.49,0
270,11934.43,89.35,4,1.59,74.03,5,1.90,9.57,0.00,85.92,6,3043.32,0.40,3.50,282.50,1
135,14764.60,88.57,0,1.54,83.10,5,2.16,9.48,0.09,88.97,8,4738.28,0.24,7.26,455.19,0
624,13181.48,80.54,3,2.79,97.34,15,3.00,7.32,0.09,94.93,8,2440.58,0.17,4.59,163.15,1
895,16794.17,90.71,0,1.30,90.49,5,0.81,5.39,0.08,87.09,2,1893.56,0.14,8.51,238.15,1
656,7470.60,97.75,3,4.34,81.81,18,1.07,2.84,0.09,89.38,4,1684.66,0.28,7.82,273.80,1
895,12790.79,92.30,4,2.14,91.59,18,4.18,6.41,0.06,97.20,2,4449.85,0.46,3.90,466.52,1
719,18167.45,99.24,4,3.99,83.99,7,3.83,5.45,0.00,86.41,2,1227.93,0.41,4.39,112.15,1
655,18193.73,90.18,4,2.69,73.29,6,1.15,8.07,0.04,90.95,9,1426.97,0.35,3.64,171.37,1
430,11768.59,99.18,0,1.24,64.53,21,4.56,9.75,0.02,98.22,2,4495.94,0.34,1.98,480.69,1
572,5978.07,85.58,4,2.53,98.40,13,2.91,4.62,0.05,81.70,9,3354.50,0.28,1.41,308.30,1
382,14851.70,83.09,2,2.42,63.10,18,3.94,2.13,0.08,97.53,8,3335.45,0.32,3.71,365.68,1
809,12849.94,86.06,2,1.32,96.63,2,1.23,6.54,0.08,99.41,6,2995.39,0.28,3.72,465.27,1
555,9307.07,99.33,5,3.88,79.92,18,2.56,5.18,0.08,97.53,8,2724.66,0.45,6.68,188.86,1
417,14518.74,91.42,4,0.72,62.93,6,3.76,4.39,0.05,90.58,8,4906.30,0.36,2.52,358.13,1
776,16968.71,98.19,3,2.34,63.58,9,0.75,7.03,0.03,85.57,1,3680.81,0.16,2.61,321.57,1
473,9751.43,90.75,2,2.67,80.03,12,4.75,6.74,0.04,96.74,6,2828.17,0.31,7.85,232.20,1
707,18592.15,85.15,4,2.63,93.24,12,1.60,3.83,0.10,80.99,9,3493.48,0.39,1.70,499.14,1
571,9153.57,89.00,3,3.64,96.47,1,1.60,4.19,0.09,87.97,7,2874.07,0.10,6.68,410.05,1
663,7281.56,88.11,4,4.07,98.62,18,0.14,9.11,0.02,90.19,6,2959.40,0.26,1.93,458.38,1
906,6251.96,97.07,3,2.76,71.04,22,2.01,9.74,0.09,86.54,9,3112.12,0.15,7.35,189.07,1
485,18236.25,89.97,5,4.63,74.03,21,2.84,3.89,0.10,95.77,7,3729.30,0.41,2.78,306.85,1
741,18228.92,95.44,4,2.03,92.59,18,4.33,9.86,0.02,91.36,0,4463.91,0.15,2.58,385.90,1
954,5189.11,86.94,4,1.28,82.97,20,0.09,9.05,0.04,91.05,6,3928.70,0.33,3.75,113.83,1
835,13396.34,88.64,2,2.03,90.73,16,0.47,4.04,0.03,89.36,3,2201.10,0.34,6.37,440.21,1
737,6191.10,91.53,4,0.94,65.39,15,4.56,3.22,0.06,85.21,1,3700.27,0.11,1.49,306.60,1
229,15972.45,86.84,0,2.08,61.04,5,4.69,4.93,0.01,95.77,3,3871.20,0.38,6.35,160.05,1
783,17872.66,84.77,3,0.80,85.07,19,2.46,3.79,0.10,86.12,6,4454.97,0.39,2.30,390.92,1
771,13111.91,90.09,5,4.94,67.59,17,0.65,7.12,0.03,93.05,4,3632.62,0.34,2.09,461.48,1
346,12067.52,92.97,3,2.18,67.67,17,4.28,8.55,0.00,99.21,4,2735.69,0.39,2.47,165.28,1
935,17324.55,90.22,1,3.99,96.45,16,3.92,8.13,0.08,86.31,8,3934.64,0.46,2.93,450.36,1
283,12413.19,91.42,3,3.91,75.38,2,2.33,8.16,0.05,85.37,6,2230.79,0.16,5.69,222.30,1
983,8598.11,87.44,3,1.41,76.24,3,1.82,8.13,0.01,87.61,1,2018.77,0.40,1.80,370.47,1
708,14313.93,99.33,4,3.64,90.22,11,2.52,4.43,0.05,82.91,2,4996.96,0.47,1.94,291.84,1
563,14512.13,99.33,5,2.86,68.43,2,4.01,7.53,0.08,95.22,3,4450.42,0.24,5.57,246.75,1
863,15294.91,93.76,3,1.65,97.25,11,4.04,9.64,0.08,90.81,4,2841.86,0.36,9.74,411.74,1
437,5497.84,99.50,4,4.35,78.20,6,3.09,4.89,0.04,89.22,5,2169.55,0.16,8.79,465.06,1
740,14797.44,88.89,3,4.50,71.26,14,4.26,6.74,0.07,88.84,3,3318.83,0.26,6.89,164.43,1
878,19074.57,91.53,4,4.72,60.80,1,3.54,6.70,0.01,80.94,6,2494.05,0.44,5.19,419.91,1
572,18068.07,99.67,4,0.74,81.65,4,4.45,6.24,0.09,90.35,9,2848.94,0.19,6.33,242.56,0
980,17968.45,96.83,1,4.77,87.98,12,4.82,3.72,0.06,98.64,6,3437.57,0.24,2.80,361.73,1
403,19652.00,89.21,2,2.78,72.14,22,3.21,9.16,0.06,90.58,3,1358.67,0.17,9.72,187.04,1
353,6660.81,84.35,4,0.89,91.32,3,3.36,9.84,0.00,86.96,4,3841.38,0.40,2.72,491.14,0
198,9383.27,90.90,1,3.30,84.11,13,3.28,2.31,0.06,85.77,1,1788.53,0.47,5.73,200.02,1
503,19442.16,88.22,3,2.52,74.06,18,2.85,2.71,0.01,87.16,4,1876.61,0.44,3.10,294.02,1
519,13110.48,84.83,2,2.81,86.95,13,1.86,8.22,0.06,95.35,1,2428.07,0.37,5.11,232.26,1
951,5186.06,85.34,5,1.78,64.56,1,4.36,2.55,0.09,93.33,7,2193.18,0.47,3.11,132.02,1
572,9498.79,87.19,2,4.26,77.34,7,0.60,9.75,0.05,85.61,3,3245.42,0.12,7.03,246.40,1
805,18384.54,86.59,0,1.91,82.71,9,3.07,5.70,0.05,85.17,0,3770.86,0.12,6.36,353.38,1
260,5520.05,85.88,5,3.24,80.45,2,1.10,8.82,0.05,85.46,2,1550.74,0.43,8.68,370.87,1
915,5954.61,84.50,2,1.54,66.27,19,2.59,6.06,0.06,82.34,8,2589.77,0.50,7.50,191.25,1
500,15038.00,91.37,4,0.85,93.30,19,4.94,2.19,0.02,89.29,3,2510.18,0.39,5.68,264.58,1
787,13576.59,86.68,1,3.24,94.43,9,0.48,4.51,0.02,95.91,8,3695.11,0.44,3.68,323.56,1
559,12761.70,91.59,1,1.74,60.62,1,0.35,7.61,0.08,92.94,5,3325.79,0.29,8.96,243.75,1
569,9754.20,91.39,5,3.18,63.70,13,2.14,5.67,0.09,96.87,2,4115.79,0.25,8.17,121.27,1
474,11518.94,92.63,5,1.96,88.50,15,0.55,3.95,0.09,90.53,8,4103.80,0.17,8.06,134.10,1
121,16608.19,90.37,5,0.61,62.78,14,2.23,9.34,0.05,84.13,6,2964.01,0.28,3.28,496.31,1
849,14028.85,81.02,3,3.88,79.85,6,2.81,5.78,0.07,80.08,5,1386.13,0.30,2.78,399.07,1
662,13875.46,90.08,4,4.43,74.10,5,0.67,5.47,0.02,94.58,4,2620.09,0.31,4.14,137.03,1
537,15539.51,86.46,4,4.39,90.97,23,1.16,4.59,0.08,91.56,6,3541.40,0.19,4.08,403.11,1
382,12685.46,89.28,3,1.44,86.92,22,3.57,3.62,0.09,81.56,7,2941.89,0.45,6.95,482.69,1
126,6563.37,82.67,2,3.99,92.66,19,0.66,3.62,0.02,97.93,9,3943.53,0.12,4.18,354.99,1
897,14783.36,94.15,2,4.57,72.78,13,3.26,3.93,0.04,88.89,2,1261.49,0.27,6.63,123.13,1
708,19257.97,82.12,2,1.39,83.45,19,0.22,3.53,0.08,90.63,1,2220.04,0.31,8.74,398.17,1
580,12593.99,95.36,3,3.30,63.77,7,4.89,5.58,0.03,90.50,6,3605.84,0.26,1.49,487.42,1
552,14511.56,82.28,1,3.48,72.61,7,4.76,2.77,0.01,93.70,6,1780.43,0.41,9.05,476.24,1
611,19572.99,92.78,5,5.00,85.09,19,2.44,3.32,0.09,98.74,4,3424.19,0.47,8.31,451.97,1
472,12748.59,95.90,2,2.32,66.15,16,3.42,6.89,0.08,94.16,7,3095.19,0.48,6.96,144.68,1
352,10178.35,82.71,4,1.61,71.09,0,3.69,2.55,0.03,99.13,4,2854.49,0.30,5.11,282.47,1
953,19325.91,80.49,4,4.42,60.07,2,3.36,3.25,0.01,93.36,1,3512.57,0.42,5.87,446.84,1
589,5767.03,99.49,1,4.32,68.20,1,0.52,4.72,0.05,94.91,8,3361.97,0.19,5.89,485.70,1
492,15298.85,92.93,2,4.67,97.56,22,1.50,8.45,0.06,90.14,7,4851.93,0.34,7.36,197.32,1
910,6717.31,92.95,5,3.64,70.88,5,1.53,3.39,0.03,88.84,2,2240.04,0.13,8.85,452.99,1
138,10535.80,99.65,4,2.90,92.25,0,2.10,6.47,0.04,87.68,2,1027.92,0.39,9.97,264.52,0
781,11284.22,88.78,2,3.16,94.05,10,0.82,4.28,0.01,99.61,0,1225.21,0.23,3.74,173.91,1
924,13904.91,98.57,3,3.54,94.23,15,2.83,7.34,0.01,81.67,7,4346.28,0.22,5.63,136.80,1
611,15859.60,87.20,1,4.69,97.99,18,1.80,5.33,0.00,83.71,7,3069.10,0.46,8.17,278.18,1
753,18536.80,87.11,3,4.79,63.28,13,1.38,2.09,0.09,80.16,4,3276.69,0.43,5.56,116.32,1
899,12290.01,93.11,4,1.17,97.96,11,1.86,8.96,0.02,87.19,6,1929.28,0.43,1.38,282.85,1
150,6845.05,97.39,0,0.57,72.18,11,2.04,2.92,0.06,87.78,5,4660.59,0.36,2.44,141.63,1
674,15937.60,89.19,3,2.37,66.87,2,3.50,9.07,0.06,81.21,5,1937.80,0.29,3.77,406.13,1
781,11696.29,91.01,1,3.63,85.46,19,1.86,6.38,0.02,81.65,5,1875.85,0.26,8.13,298.76,1
882,17336.34,82.04,3,3.71,86.70,2,1.82,9.95,0.06,96.91,7,4159.86,0.15,4.41,247.19,1
363,9783.00,80.98,1,2.24,94.39,4,4.42,8.11,0.09,90.98,5,4213.16,0.48,8.38,245.88,0
152,13732.98,96.87,5,2.33,91.11,15,2.95,6.74,0.02,91.46,1,2230.17,0.43,4.33,211.53,1
922,5381.72,96.81,5,3.90,66.22,1,1.56,4.04,0.08,95.18,4,4259.14,0.37,3.54,129.48,1
930,19820.54,92.51,2,4.60,75.81,13,3.14,3.50,0.08,85.73,5,4488.21,0.24,1.58,314.91,1
157,7108.29,93.50,3,1.85,91.04,0,0.85,8.94,0.10,92.60,8,2107.91,0.42,9.78,161.01,0
929,10763.10,93.52,2,4.19,63.19,17,0.18,7.67,0.03,96.80,9,3545.66,0.36,3.19,367.29,1
226,5464.34,99.25,2,1.98,60.89,22,1.33,8.59,0.01,83.33,9,2945.73,0.21,9.56,451.55,1
492,10819.80,92.57,0,2.22,85.13,21,0.65,4.18,0.04,86.51,5,4888.71,0.35,7.57,324.73,1
157,5350.28,82.11,4,3.73,99.48,5,1.53,4.53,0.05,83.44,3,2605.46,0.15,1.84,311.83,1
996,19417.03,99.16,3,4.22,99.50,11,3.75,9.21,0.03,90.60,1,1656.94,0.23,8.53,201.50,1
371,10842.23,80.67,2,3.79,74.90,8,2.15,3.99,0.01,90.34,5,1258.24,0.31,3.29,435.97,1
889,13305.67,84.71,3,2.13,97.80,18,3.43,8.17,0.08,81.43,4,3632.52,0.39,1.52,170.63,1
346,16428.53,98.30,4,0.97,61.80,15,2.05,2.72,0.08,83.47,1,2504.79,0.47,5.96,193.86,1
175,17504.75,84.23,2,4.05,66.01,21,4.32,3.65,0.07,88.50,7,1623.55,0.22,4.85,291.94,1
253,11606.62,82.88,1,2.90,76.94,16,1.64,8.17,0.02,88.68,2,4341.02,0.44,3.48,227.86,1
755,9535.00,95.18,3,1.82,67.45,1,4.82,9.72,0.03,91.06,6,3036.03,0.37,8.13,323.93,1
534,8890.02,90.01,0,3.45,74.56,16,0.86,4.07,0.06,95.65,1,3228.08,0.48,2.16,237.65,1
168,19496.26,83.14,2,3.06,63.77,5,0.87,6.68,0.03,92.83,4,1120.15,0.43,5.58,195.83,1
849,13707.01,95.10,3,2.88,73.15,17,1.48,4.32,0.01,88.98,0,1843.21,0.39,4.22,358.05,1
573,12333.47,99.68,1,1.42,91.60,9,1.26,3.91,0.08,84.63,9,3774.02,0.12,6.57,152.59,0
531,11026.68,85.84,4,2.17,86.38,2,0.82,6.38,0.06,87.80,1,3341.72,0.36,8.26,191.28,0
388,13540.66,85.05,3,4.26,99.57,7,4.20,5.06,0.07,90.37,3,4992.61,0.34,9.65,490.78,1
621,13145.37,98.14,2,1.96,90.42,8,4.92,4.76,0.08,90.26,5,1905.56,0.24,5.09,485.76,0
861,6959.79,83.77,3,4.94,61.43,23,1.56,9.32,0.06,96.48,5,1043.31,0.17,7.58,441.30,1
891,11940.13,82.61,5,2.06,85.80,7,2.18,5.36,0.09,89.74,3,1290.49,0.46,1.03,414.61,1
435,19714.81,92.87,5,4.38,74.64,0,0.02,9.05,0.03,83.03,7,1190.06,0.24,9.44,161.24,1
995,10629.95,98.47,0,2.16,63.50,13,4.56,6.16,0.03,83.31,7,3849.88,0.13,5.23,485.44,1
789,12669.13,93.54,4,1.31,61.26,1,4.25,9.75,0.09,86.62,3,4606.44,0.32,1.78,223.92,1
479,13659.19,92.57,4,3.52,62.08,6,2.95,3.65,0.06,89.69,3,2522.31,0.37,2.16,425.18,1
934,13602.93,96.65,4,2.90,61.16,19,1.01,3.56,0.06,89.31,0,3753.47,0.43,3.37,416.47,1
384,18396.35,93.73,1,4.75,84.42,23,3.88,6.58,0.01,86.62,5,2339.84,0.23,1.87,142.47,1
826,15840.60,86.21,1,4.08,86.88,17,1.09,7.98,0.08,89.42,6,3431.38,0.50,5.25,207.94,1
600,15152.32,92.66,4,3.30,94.35,0,0.37,2.39,0.01,83.09,5,4428.68,0.15,4.78,281.33,1
174,5214.73,94.39,1,4.26,88.78,7,1.25,3.09,0.04,90.63,5,3064.67,0.16,9.62,184.32,1
512,16068.04,80.56,3,1.97,77.68,9,3.38,5.88,0.02,99.35,4,3177.56,0.35,5.30,228.01,0
475,17512.17,87.51,3,2.70,86.21,0,0.63,8.39,0.03,89.72,8,1781.74,0.31,2.99,153.84,0
376,16301.42,96.46,1,2.25,76.98,13,1.81,5.66,0.07,93.26,5,4973.89,0.29,3.27,266.63,1
556,14204.06,82.15,2,3.99,95.76,8,3.40,2.23,0.03,96.25,2,2028.76,0.18,4.96,436.37,1
788,6164.74,85.39,3,2.23,98.26,19,4.68,2.98,0.03,97.90,1,1315.52,0.11,4.37,143.16,1
198,11113.15,96.39,1,1.14,95.47,7,0.94,9.86,0.05,91.95,2,3431.86,0.21,8.58,342.24,0
195,5990.15,84.23,5,3.48,78.93,10,1.17,9.09,0.02,95.67,6,3777.02,0.16,9.09,460.05,1
835,19215.32,98.32,4,2.45,67.80,18,4.72,7.61,0.03,90.16,0,2822.03,0.42,8.68,409.76,1
468,12838.65,82.71,3,2.49,90.80,5,1.45,9.43,0.06,82.66,6,1467.84,0.37,7.91,471.56,0
794,9493.49,99.55,4,0.80,98.76,23,2.00,8.74,0.07,85.55,3,3010.00,0.40,9.28,400.89,1
316,16917.73,85.99,5,4.62,61.60,15,1.75,4.44,0.03,85.98,8,4349.67,0.48,3.46,414.96,1
966,15606.30,82.00,3,2.36,99.42,12,2.37,5.64,0.07,91.18,5,2983.37,0.19,9.48,321.00,1
972,5753.39,85.43,0,2.41,73.62,10,3.93,2.75,0.03,85.01,6,1427.25,0.37,7.15,388.13,1
695,9215.07,99.63,3,4.08,95.56,20,4.74,9.38,0.07,94.60,3,3600.79,0.17,9.11,236.44,1
979,17052.24,92.59,2,3.24,99.73,13,1.79,2.04,0.05,80.27,1,3955.43,0.12,1.47,210.28,1
544,14052.40,91.62,4,1.54,63.22,21,3.01,5.99,0.02,96.25,6,4416.50,0.39,1.43,325.30,1
364,6843.81,96.86,4,2.42,76.48,0,3.00,8.70,0.05,87.30,1,1379.36,0.23,2.39,446.88,0
663,6076.64,92.75,1,4.33,73.13,21,0.57,2.77,0.06,92.42,5,4104.35,0.28,4.82,169.94,1
950,15239.26,81.41,4,2.99,94.80,0,0.42,2.11,0.07,98.49,3,4771.77,0.10,8.71,293.34,1
466,15709.29,90.70,4,4.54,68.76,7,2.14,7.85,0.08,92.75,4,4760.54,0.20,1.41,155.17,1
198,12802.55,88.64,0,0.61,90.64,15,0.90,7.14,0.07,89.13,8,1750.21,0.29,2.91,372.20,1
568,12450.43,88.22,3,1.73,89.94,2,2.43,5.83,0.06,86.36,4,1169.74,0.19,5.48,232.10,0
250,14443.37,88.35,0,2.47,80.96,0,0.52,4.29,0.07,85.02,8,1706.31,0.31,8.91,436.17,0
668,16229.68,81.87,3,4.53,78.74,22,2.51,2.04,0.07,95.25,0,2582.36,0.40,6.70,282.32,1
792,12666.94,84.73,2,4.70,97.30,12,4.13,7.94,0.06,94.35,9,3629.56,0.19,2.30,391.56,1
141,5702.78,84.23,1,1.69,85.22,16,1.56,2.53,0.04,89.02,9,2161.24,0.33,9.39,304.95,1
173,18378.08,90.36,4,4.46,79.84,23,0.72,2.53,0.04,98.44,2,4638.38,0.13,6.56,110.05,1
273,6339.34,94.64,5,3.68,78.09,19,1.69,2.39,0.06,98.18,3,1661.44,0.16,3.66,488.78,1
269,10814.73,91.77,1,2.99,62.40,17,1.61,3.98,0.06,81.12,7,4594.75,0.33,2.10,464.19,1
733,5065.45,92.56,3,0.55,66.05,12,1.30,8.34,0.07,88.02,9,4842.07,0.19,7.51,387.58,1
521,16415.57,93.39,2,2.45,73.16,11,2.19,8.14,0.06,96.55,1,4384.03,0.47,2.80,128.65,1
747,15538.11,89.76,4,2.97,67.34,17,0.87,9.56,0.09,94.55,6,3608.73,0.37,8.82,173.21,1
464,6580.47,92.54,1,0.60,76.67,1,1.94,7.66,0.03,81.13,3,3922.71,0.29,1.02,358.82,0
932,16727.36,87.17,2,0.73,74.15,6,0.28,2.56,0.00,84.20,0,4913.54,0.18,8.87,389.70,1
426,12506.02,98.34,2,0.99,72.31,10,2.01,9.56,0.00,99.94,7,1833.12,0.27,7.84,275.44,1
400,11865.49,89.02,2,2.59,90.43,20,4.57,2.43,0.04,89.47,6,3349.73,0.46,6.39,197.42,1
630,15167.20,87.52,1,2.49,99.40,14,1.05,9.84,0.01,98.81,0,3104.49,0.33,7.29,216.60,1
138,14116.28,81.98,5,1.02,95.57,8,0.55,5.97,0.04,91.45,6,1817.30,0.47,6.33,410.12,0
550,7049.01,88.94,3,0.62,76.46,15,3.46,7.33,0.04,81.10,7,2686.34,0.19,6.62,429.19,1
853,9734.41,83.29,3,4.49,81.29,21,0.68,4.74,0.10,98.45,0,1434.07,0.47,2.85,191.64,1
157,15698.10,94.21,2,3.05,73.41,5,0.68,9.34,0.02,88.07,0,2034.47,0.42,8.82,293.18,1
468,6865.53,95.54,3,4.38,63.59,9,1.34,6.62,0.01,86.25,1,1538.98,0.32,3.89,486.48,1
758,8983.74,80.14,3,4.70,75.63,23,2.12,5.52,0.03,98.00,9,1187.84,0.33,2.17,433.00,1
985,18478.41,88.01,1,3.60,95.55,0,3.72,9.58,0.02,97.02,0,1430.64,0.18,3.36,496.64,1
472,12107.15,84.02,5,4.05,84.11,23,1.96,3.69,0.04,95.04,4,1928.68,0.23,9.28,409.38,1
221,19366.85,97.00,1,3.94,70.93,14,1.01,6.01,0.09,92.65,4,3686.30,0.42,5.96,287.64,1
415,6134.08,91.52,3,4.47,90.32,20,4.74,3.19,0.05,90.97,9,1814.90,0.23,5.30,318.22,1
839,16719.83,80.28,5,2.78,92.89,6,2.50,4.37,0.07,88.85,8,4710.63,0.24,3.23,494.36,1
823,10822.49,80.27,4,0.94,87.90,12,2.55,6.82,0.06,86.36,1,3336.99,0.30,7.59,152.76,1
646,9357.57,93.69,5,3.91,68.69,8,3.56,9.92,0.07,93.21,9,3365.36,0.44,3.90,310.76,1
982,5933.05,82.99,4,4.74,73.21,3,0.30,3.79,0.06,95.68,7,4228.71,0.34,7.19,186.95,1
109,7014.12,83.14,5,3.53,82.12,3,4.25,3.37,0.02,99.15,8,4765.76,0.45,9.31,239.15,1
923,19369.01,99.25,4,0.53,85.95,5,1.50,6.49,0.03,88.63,6,3595.36,0.15,7.63,224.97,1
350,12509.05,92.54,5,3.32,95.03,7,1.52,7.93,0.09,88.73,7,1111.99,0.32,4.73,259.39,1
104,6143.59,96.07,2,2.59,91.67,17,3.70,2.89,0.03,96.16,4,3102.98,0.30,5.24,174.63,1
245,11492.24,95.07,0,4.50,76.21,11,4.48,6.39,0.09,91.57,3,2955.65,0.21,2.60,221.10,1
953,17806.77,81.81,0,2.37,90.45,16,4.75,5.63,0.06,80.80,2,2837.75,0.35,4.59,427.00,1
922,13903.41,84.71,3,4.57,68.15,9,0.17,2.77,0.06,91.10,1,3048.59,0.30,8.33,458.85,1
784,5181.55,89.81,2,3.22,84.54,11,4.73,6.13,0.04,83.19,8,3402.31,0.14,7.45,279.63,1
816,5135.58,96.94,4,2.25,63.83,1,4.32,5.16,0.06,94.37,9,4664.02,0.20,8.65,181.08,1
217,10967.55,86.14,0,2.29,95.52,18,0.58,3.46,0.04,81.41,6,1022.09,0.12,2.11,187.73,1
335,10886.87,88.95,3,2.03,77.10,5,2.05,6.46,0.04,91.19,2,3506.04,0.12,1.24,282.25,0
723,16813.24,95.19,5,2.01,99.66,5,2.64,4.19,0.05,95.26,2,2181.30,0.25,3.39,265.60,0
405,9237.18,94.45,2,3.07,97.05,16,4.25,7.19,0.01,88.02,1,1314.92,0.35,3.97,328.57,1
958,12750.48,89.86,3,3.60,62.61,12,1.08,9.73,0.08,82.14,7,3647.86,0.23,7.94,201.25,1
858,12145.04,94.05,5,3.17,79.19,1,4.90,3.44,0.06,88.02,8,1048.65,0.24,7.12,348.09,1
999,17825.45,82.27,1,2.53,77.78,12,1.41,5.90,0.05,99.26,4,3959.34,0.28,1.72,189.94,1
237,8106.14,80.08,5,2.41,90.99,4,3.22,5.83,0.06,93.68,6,2417.71,0.42,9.25,429.09,0
429,19111.77,95.73,4,2.97,63.49,17,2.77,7.91,0.08,83.21,6,3388.36,0.21,7.86,138.74,1
549,14819.76,81.55,4,4.37,71.60,12,0.29,3.34,0.07,91.88,9,3483.85,0.30,1.45,208.53,1
225,18138.25,82.05,1,1.05,76.26,9,2.92,4.68,0.04,94.41,4,4078.21,0.21,6.04,267.17,0
851,11378.42,92.75,4,1.64,92.37,19,4.53,9.95,0.09,89.92,5,1890.08,0.31,8.24,488.64,1
762,5000.17,82.17,3,1.69,82.31,16,4.44,5.70,0.03,87.88,7,2609.15,0.16,8.74,162.20,1
194,5819.52,83.36,5,0.95,86.88,7,1.55,8.72,0.10,92.05,0,4812.69,0.21,6.79,124.77,0
473,19596.17,90.25,1,3.89,98.83,11,2.66,3.89,0.00,81.81,9,1953.82,0.21,2.38,200.53,1
795,5022.11,90.80,1,4.02,83.60,20,0.13,9.97,0.10,97.60,4,1517.94,0.45,5.23,346.42,1
380,15940.17,81.01,1,1.18,77.73,7,2.41,8.95,0.02,96.34,9,1879.01,0.37,8.10,192.38,0
150,15689.32,86.02,5,3.38,75.74,14,2.65,8.19,0.07,87.14,8,2309.76,0.33,2.62,246.16,1
888,7724.21,87.45,5,2.36,80.31,14,3.18,5.07,0.09,84.78,8,1692.85,0.34,2.99,141.31,1
313,12633.36,85.94,5,4.57,93.42,0,4.12,2.46,0.09,94.52,6,3746.60,0.19,2.41,467.89,1
155,18993.87,82.91,1,1.43,89.97,14,1.93,8.96,0.05,93.25,0,3508.52,0.40,3.79,125.36,1
930,15714.90,95.65,1,4.04,94.47,14,4.29,9.56,0.07,85.66,2,3273.36,0.18,7.21,470.25,1
356,9111.07,84.19,4,1.73,83.02,7,4.64,6.27,0.02,83.68,8,2732.54,0.15,2.02,270.16,0
352,10034.16,98.40,3,0.82,61.71,19,3.35,9.77,0.04,98.54,8,4869.82,0.26,5.01,390.55,1
791,19677.88,93.01,1,3.92,87.03,5,2.04,8.72,0.02,93.27,3,4115.94,0.14,6.20,311.17,1
315,16016.66,87.01,5,3.26,60.91,13,4.27,2.42,0.02,94.14,0,3886.13,0.34,6.96,376.97,1
411,19553.86,83.03,1,2.46,83.17,4,3.02,2.43,0.07,97.07,7,4821.95,0.48,4.30,417.68,0
722,17256.92,87.33,4,2.09,77.49,6,3.14,8.48,0.07,92.88,5,4516.79,0.36,8.96,400.36,0
849,13196.45,82.12,0,2.31,63.01,22,4.39,8.10,0.06,87.20,7,3375.60,0.22,8.16,193.51,1
838,17000.05,98.23,4,4.50,63.02,15,3.31,9.12,0.06,99.00,1,1245.10,0.28,6.99,200.97,1
573,14373.11,94.81,5,3.08,78.10,7,3.81,7.16,0.06,83.44,5,1424.01,0.27,5.99,107.13,1
244,5182.35,95.95,0,2.02,70.30,13,0.50,9.95,0.00,81.32,3,1858.18,0.29,1.25,145.66,1
311,5777.54,81.72,4,1.55,89.58,20,4.19,9.42,0.04,92.31,3,3182.30,0.31,7.53,116.57,1
332,14319.39,88.01,3,3.28,74.55,14,3.34,4.64,0.08,85.05,5,4543.91,0.32,1.94,356.60,1
210,11067.91,93.27,3,1.24,89.55,16,1.52,6.34,0.07,93.48,6,2884.70,0.16,6.42,434.40,1
210,16756.40,84.31,3,2.76,96.84,23,0.12,3.56,0.08,81.12,7,2041.04,0.14,7.87,347.86,1
133,11491.50,97.03,3,4.76,80.46,2,4.94,5.50,0.08,92.51,8,1316.04,0.23,4.36,122.99,1
468,5848.78,96.85,3,3.78,78.32,12,3.11,6.81,0.08,90.34,7,2342.50,0.50,4.88,484.03,1
694,19166.73,99.63,2,3.44,77.31,16,4.95,7.41,0.08,96.35,5,1012.03,0.12,9.85,232.32,1
653,14626.02,81.95,1,1.76,65.08,2,2.24,3.47,0.01,81.39,8,3770.20,0.28,5.44,139.46,1
712,14484.23,92.76,4,3.97,82.45,20,3.81,2.55,0.05,92.06,2,4238.58,0.17,7.03,117.73,1
617,7984.88,87.00,2,4.68,73.51,19,1.65,6.78,0.09,84.10,2,1164.04,0.34,7.65,255.64,1
542,9144.79,93.05,1,4.56,74.67,14,4.44,3.70,0.03,86.67,8,3975.68,0.21,2.46,191.26,1
681,15568.32,91.38,4,2.19,78.08,21,2.60,6.54,0.10,88.25,6,2040.37,0.35,7.37,442.76,1
942,8079.99,82.86,3,2.34,73.30,3,4.43,9.50,0.04,92.61,9,4897.29,0.28,7.40,493.02,1
545,12245.60,87.79,1,1.43,83.65,12,3.67,4.28,0.02,90.14,6,4783.25,0.24,6.45,121.53,1
449,9311.92,86.39,3,0.84,95.56,1,2.36,7.24,0.03,99.80,1,4963.91,0.48,9.17,439.72,0
998,19271.35,86.23,4,2.72,95.10,1,1.02,6.84,0.06,92.65,1,1857.94,0.32,9.46,315.46,1
642,6381.00,88.85,4,3.06,75.39,13,4.62,9.37,0.06,82.39,0,3526.79,0.30,7.11,474.89,1
322,9011.03,88.86,4,1.07,76.45,7,2.99,6.54,0.03,86.20,4,4287.37,0.28,5.10,451.13,0
603,6588.59,91.54,1,1.95,70.36,4,3.01,5.91,0.10,93.05,8,2020.11,0.22,6.46,399.34,1
534,15201.68,83.87,5,1.60,86.71,3,4.69,5.11,0.09,80.64,2,2869.77,0.34,9.21,208.56,0
425,8796.52,81.05,2,3.82,69.50,12,1.72,3.71,0.01,98.04,0,4924.83,0.29,7.22,469.79,1
509,11753.81,80.75,0,1.47,75.95,11,3.37,3.48,0.04,99.76,0,1163.17,0.34,2.27,347.06,1
631,19655.10,83.36,2,2.79,70.04,16,3.42,3.56,0.05,96.80,7,3996.70,0.34,1.36,199.80,1
239,5124.80,89.21,2,1.00,89.87,18,2.35,9.13,0.01,91.41,3,1872.85,0.34,6.67,334.17,1
993,15851.72,85.47,0,0.60,68.13,15,3.25,6.70,0.02,99.46,4,4423.73,0.45,1.74,218.92,1
610,13841.81,91.93,2,1.00,66.86,22,1.56,5.29,0.08,97.48,5,1786.67,0.32,8.99,277.75,1
772,15710.79,80.75,4,1.88,93.95,10,0.33,9.66,0.07,95.44,9,2729.42,0.39,8.25,166.38,0
749,16080.85,90.81,3,3.55,87.54,21,0.43,8.67,0.05,85.44,1,1410.62,0.20,3.04,392.58,1
420,11884.11,89.40,2,4.42,72.17,13,3.92,8.27,0.09,81.77,9,1097.85,0.20,5.25,325.62,1
418,15991.00,89.11,3,3.11,86.18,1,0.99,3.01,0.02,95.94,5,3523.94,0.26,9.97,109.00,1
428,15093.08,87.14,3,3.39,74.65,1,0.57,9.63,0.09,90.93,0,2249.84,0.18,4.55,413.12,1
876,19272.36,90.07,5,0.53,97.90,23,3.30,7.95,0.05,93.36,0,1173.36,0.30,8.92,450.11,1
649,17577.38,96.60,0,4.96,61.65,7,1.65,4.57,0.03,97.80,8,3575.61,0.46,2.14,357.92,1
194,18990.66,98.71,5,4.42,92.29,3,3.61,9.41,0.10,96.19,1,4326.47,0.33,4.81,375.80,1
916,13163.81,98.24,5,1.51,75.35,8,1.80,7.70,0.04,97.78,8,3942.03,0.40,3.58,399.75,1
671,14996.95,94.85,1,4.84,94.81,13,4.27,8.40,0.08,96.95,8,1165.37,0.43,9.23,295.91,1
931,16810.81,85.60,0,4.73,91.03,13,2.33,5.34,0.01,95.02,9,3980.05,0.28,1.54,181.99,1
939,14453.71,81.76,4,1.23,95.61,13,0.47,4.15,0.05,91.53,2,4113.59,0.23,3.70,262.56,1
972,15581.91,95.00,2,2.82,89.75,19,1.67,8.00,0.06,97.20,9,1024.03,0.22,3.81,270.23,1
927,14739.83,85.56,2,3.90,69.45,22,2.40,7.83,0.08,95.00,1,4911.48,0.22,2.15,307.37,1
231,18906.66,86.58,4,0.69,97.81,4,1.20,6.05,0.03,89.13,9,4652.11,0.42,8.44,244.34,0
848,16466.61,90.24,5,4.11,69.02,6,3.87,5.16,0.08,88.29,5,4911.17,0.24,9.57,353.67,1
501,8903.55,87.04,2,2.90,97.27,9,0.18,4.71,0.04,84.34,4,1747.24,0.21,5.18,259.85,0
715,7784.70,88.50,3,0.92,63.07,2,3.91,9.78,0.02,86.11,9,4773.10,0.33,7.82,149.68,1
899,18225.36,98.31,0,0.56,86.80,8,1.61,6.09,0.06,91.25,1,3119.30,0.21,6.14,183.59,1
602,17428.33,85.37,3,4.50,85.58,10,3.44,2.48,0.02,87.97,9,4610.32,0.40,1.27,478.04,1
920,16839.39,91.82,2,4.46,78.28,15,0.10,7.86,0.03,89.56,7,4969.67,0.35,9.85,260.32,1
278,18144.79,82.29,2,4.60,78.63,14,1.43,3.57,0.00,94.33,1,4666.37,0.13,9.70,149.21,1
330,17881.46,99.38,4,3.33,65.88,19,0.55,5.44,0.06,81.20,4,2435.93,0.40,3.03,154.10,1
519,16225.34,89.68,4,4.94,90.62,14,3.90,3.57,0.03,89.75,9,2821.73,0.33,4.58,304.24,1
295,6763.27,83.82,5,3.36,62.29,1,0.66,3.02,0.07,85.90,6,4512.68,0.28,4.73,188.98,1
697,7479.27,92.31,2,4.35,83.88,20,3.31,8.13,0.02,96.44,2,1415.67,0.23,5.65,329.43,1
905,7486.22,96.23,3,1.84,78.73,21,0.40,5.00,0.06,90.93,3,3333.89,0.26,5.89,232.75,1
943,14244.51,90.56,4,4.89,99.26,19,4.88,5.86,0.05,89.81,1,3052.54,0.11,8.32,435.01,1
229,11236.63,91.85,4,2.38,76.73,23,0.86,9.31,0.05,89.65,1,1409.37,0.48,5.26,133.58,1
110,6730.92,85.98,5,4.62,80.16,22,1.77,2.49,0.08,84.61,2,2984.95,0.12,7.24,388.55,1
941,6758.06,84.35,1,4.43,69.90,22,0.89,7.55,0.06,87.73,4,3910.63,0.30,2.83,264.80,1
649,7142.63,82.61,3,1.60,70.30,0,1.93,5.34,0.04,99.83,6,3174.67,0.45,5.74,222.91,1
233,15381.10,87.44,4,4.29,73.34,9,2.29,6.60,0.04,84.73,5,4695.42,0.24,1.83,280.09,1
811,8093.78,80.52,5,4.20,77.66,7,3.14,7.88,0.03,98.36,1,3527.99,0.28,4.57,183.56,1
914,18435.12,95.61,3,0.94,77.97,1,4.45,6.43,0.09,98.62,8,4138.48,0.23,4.18,296.76,1
317,16891.37,81.70,4,0.59,67.84,0,2.90,8.57,0.08,99.91,7,2179.70,0.18,5.61,253.36,1
715,15329.47,93.66,5,0.85,89.97,23,3.42,5.61,0.08,85.48,9,3319.17,0.17,9.17,271.14,1
782,5149.68,95.66,4,2.25,98.06,2,3.31,4.48,0.02,86.29,8,2673.60,0.16,8.40,345.58,0
423,17541.77,90.17,5,2.37,71.58,4,1.23,5.91,0.09,91.96,9,2323.69,0.26,5.17,429.05,1
987,17649.89,96.91,3,2.68,63.17,5,3.62,9.68,0.06,90.78,1,1990.64,0.25,5.66,266.86,1
904,12276.42,94.54,3,0.91,64.71,3,1.77,8.16,0.01,89.16,5,4131.34,0.30,1.62,354.34,1
150,11994.65,81.33,4,1.73,80.43,16,4.53,2.99,0.10,83.05,7,1050.33,0.13,9.74,163.07,1
128,6135.50,99.97,5,2.97,68.56,12,2.21,8.47,0.05,91.21,0,2436.34,0.48,3.79,281.32,1
395,17053.06,96.70,1,4.97,99.17,1,2.94,5.07,0.03,83.10,1,3759.77,0.38,6.52,413.19,1
506,18160.26,98.03,2,4.25,69.94,0,3.03,7.88,0.00,94.60,9,1046.12,0.45,2.55,456.98,1
504,5998.47,85.01,2,2.80,68.09,15,0.22,8.10,0.08,91.08,1,2578.09,0.24,9.21,422.12,1
445,14724.77,93.39,0,4.61,81.72,3,2.30,4.41,0.08,80.98,8,3921.83,0.39,7.16,440.46,1
236,10543.61,82.89,2,1.94,81.42,3,2.42,4.55,0.08,90.39,7,4654.90,0.31,3.79,177.54,0
765,5125.46,80.17,2,2.51,94.43,3,4.00,7.83,0.03,82.81,0,3744.16,0.27,9.86,102.64,0
343,12259.84,87.33,0,1.74,76.26,8,4.59,3.80,0.01,96.05,0,4786.96,0.25,5.80,361.65,0
701,17067.42,95.10,2,0.52,97.56,9,1.16,4.79,0.00,80.87,3,1608.92,0.50,4.16,439.39,0
485,5996.95,86.47,5,2.26,60.24,14,3.16,9.77,0.03,88.40,2,2659.15,0.24,1.98,182.84,1
574,13755.70,91.54,2,1.74,65.90,16,3.37,2.50,0.08,93.31,8,1364.47,0.46,4.84,125.26,1
446,16276.20,87.12,4,3.99,93.20,2,0.76,7.88,0.06,89.33,0,3729.80,0.44,5.65,471.72,1
975,7104.87,87.73,4,1.20,84.79,22,0.80,6.72,0.08,86.18,0,4361.44,0.19,8.55,367.46,1
281,16133.80,80.12,4,4.90,64.14,8,4.68,5.19,0.03,88.30,4,1171.55,0.25,9.57,434.53,1
276,14811.99,91.38,2,1.59,78.95,23,4.09,7.39,0.02,95.91,4,3387.09,0.34,3.09,382.54,1
384,18336.92,97.63,0,3.98,98.18,18,0.47,8.48,0.01,90.68,2,1131.26,0.49,5.67,289.43,1
765,7347.15,81.73,1,2.43,92.32,5,3.99,6.54,0.06,95.20,9,2777.32,0.20,1.28,145.22,0
981,15745.96,88.21,2,2.52,91.97,4,0.40,2.49,0.02,87.51,1,4819.44,0.39,9.89,157.56,1
788,11372.76,86.03,2,1.45,85.65,15,2.22,2.54,0.00,82.85,0,3002.54,0.35,3.92,152.88,1
441,7818.81,94.98,0,4.27,67.23,10,1.44,2.14,0.01,83.73,3,3063.66,0.39,6.49,221.58,1
575,6154.58,85.45,1,1.29,92.01,9,1.32,3.57,0.07,97.89,1,2926.85,0.38,7.50,188.18,0
131,15419.61,86.17,0,3.91,74.49,18,2.61,5.85,0.03,90.41,5,4933.99,0.34,2.22,252.33,1
528,14929.53,80.73,3,1.57,76.28,9,3.93,9.91,0.01,88.72,9,1986.62,0.20,6.54,134.32,0
212,8650.95,96.16,2,1.22,99.92,19,2.95,2.68,0.01,97.88,9,4380.41,0.11,7.65,459.36,1
777,15002.71,93.99,2,3.43,87.91,6,0.37,2.06,0.04,94.13,2,3257.85,0.27,3.30,452.37,1
154,18514.41,92.79,2,2.47,68.74,11,2.98,3.54,0.03,97.23,9,4526.83,0.31,5.04,419.75,1
977,6008.84,95.13,2,3.41,75.27,22,2.86,2.43,0.08,96.42,1,4818.42,0.28,9.68,259.55,1
479,19983.39,89.89,1,2.43,63.04,6,3.34,8.66,0.07,91.97,2,4488.48,0.43,2.45,321.22,1
575,17099.98,88.21,4,4.39,94.01,5,2.91,7.59,0.07,84.58,9,2993.50,0.32,2.22,411.43,1
899,17870.35,97.97,5,1.95,62.71,10,4.24,7.72,0.00,86.78,5,1284.82,0.37,3.26,261.36,1
277,19964.42,97.93,4,2.59,99.74,13,3.16,8.10,0.05,92.35,8,2537.23,0.13,2.80,310.00,1
858,10406.40,83.57,2,1.35,60.87,19,3.13,2.62,0.01,96.98,2,4598.83,0.15,7.20,490.96,1
934,16756.07,84.79,5,2.97,69.33,21,4.50,6.61,0.06,87.68,8,1779.24,0.21,3.13,395.80,1
542,13492.71,88.36,0,0.61,90.29,6,0.27,7.61,0.05,82.36,9,3020.49,0.30,2.55,280.62,0
427,14815.13,86.41,2,3.11,91.31,23,4.60,4.04,0.01,99.05,7,4275.84,0.31,5.50,146.34,1
338,16465.30,91.45,2,1.45,95.70,0,1.75,4.34,0.05,96.33,5,1140.54,0.35,5.88,112.54,0
328,14356.15,88.84,2,0.83,69.08,23,3.96,2.36,0.06,95.99,5,2925.11,0.27,6.86,464.16,1
703,14292.89,95.14,0,3.25,99.05,7,2.18,7.25,0.03,94.01,1,3696.32,0.10,1.52,408.70,1
281,18937.09,90.55,0,4.91,70.91,22,3.08,7.20,0.02,92.43,7,4542.43,0.12,5.21,468.51,1
874,14742.63,80.32,2,2.42,69.11,7,2.24,8.54,0.03,96.61,2,2511.18,0.38,9.22,246.13,1
184,13897.37,90.87,5,3.75,79.55,4,0.88,4.33,0.02,87.10,9,4306.47,0.19,5.19,389.54,1
799,19125.38,91.24,4,4.11,97.08,7,3.63,8.59,0.01,81.29,6,3870.01,0.40,6.91,357.66,1
181,7510.36,94.82,5,4.05,75.94,23,1.91,2.52,0.08,87.32,9,3436.90,0.11,7.01,166.30,1
914,15457.04,96.18,3,2.54,61.97,15,1.61,3.71,0.07,96.04,5,3779.24,0.35,3.74,165.96,1
806,13989.53,86.06,3,1.71,94.47,0,4.39,2.11,0.08,95.61,2,1735.42,0.36,1.71,306.28,1
599,17042.16,88.30,5,0.96,93.20,3,1.66,8.51,0.07,94.69,6,1931.29,0.47,3.19,439.87,0
981,11350.03,96.15,0,1.12,71.65,7,3.25,7.67,0.07,86.19,3,1485.91,0.49,4.71,121.23,1
380,17944.95,98.88,3,1.19,87.38,15,0.04,8.41,0.05,96.64,3,1598.49,0.10,3.10,377.77,1
765,18460.49,89.54,0,3.89,71.39,8,3.97,4.60,0.02,86.06,5,1895.73,0.11,7.84,352.90,1
128,19600.74,93.58,2,2.13,72.40,0,2.53,3.66,0.01,95.05,5,1475.94,0.37,9.48,366.06,1
826,5935.91,88.16,1,0.68,95.32,4,4.51,3.06,0.09,96.47,9,3707.18,0.20,9.40,436.27,1
174,6005.25,91.16,1,3.49,87.68,18,0.85,4.58,0.08,81.24,3,1582.72,0.49,1.98,486.44,1
455,10783.96,91.45,1,1.75,72.88,3,4.56,7.64,0.09,87.15,6,4337.76,0.37,3.31,368.57,1
133,8161.90,85.74,0,2.97,68.63,12,2.73,3.66,0.05,92.80,0,1517.36,0.32,4.88,194.25,1
973,16389.39,84.65,4,3.17,84.60,22,1.75,10.00,0.08,90.01,4,2934.62,0.40,4.69,226.40,1
441,19516.42,97.63,5,1.55,99.16,16,3.95,8.42,0.01,97.85,5,2580.77,0.36,6.14,499.31,1
924,9175.53,82.26,5,3.15,88.99,18,1.03,7.41,0.01,85.06,9,4934.29,0.43,4.54,181.02,1
709,6945.18,85.75,4,1.82,88.03,6,3.73,4.36,0.02,89.70,9,2045.53,0.11,2.38,324.75,0
848,10329.80,89.07,0,1.92,94.49,5,3.70,5.04,0.08,81.60,7,2457.07,0.20,7.88,338.05,1
920,15109.91,99.79,0,4.07,66.31,8,3.38,4.29,0.10,98.44,3,2609.00,0.17,6.79,340.33,1
801,10139.68,86.32,3,4.54,78.71,8,4.08,5.28,0.07,87.76,9,3868.47,0.31,6.85,203.95,1
657,7323.88,97.49,0,2.08,77.52,17,4.59,5.93,0.02,99.56,7,1652.84,0.32,6.29,345.55,1
921,9536.29,97.01,5,2.79,69.52,22,4.23,2.06,0.05,85.70,2,2083.91,0.19,4.74,152.25,1
804,17057.07,96.52,5,4.92,80.03,6,0.18,7.77,0.08,83.70,2,3959.45,0.35,2.29,179.15,1
918,7057.23,86.07,3,3.36,67.77,17,3.04,5.20,0.03,96.12,2,3958.64,0.49,7.51,409.57,1
792,13710.49,87.97,4,2.49,79.08,19,1.71,8.28,0.07,89.31,5,2928.97,0.37,7.27,278.74,1
391,12582.63,86.34,3,2.71,94.66,4,1.65,7.20,0.04,88.88,2,2817.19,0.46,5.63,287.97,0
212,11279.11,89.29,5,2.01,95.93,20,3.13,6.73,0.10,84.02,1,2686.63,0.27,7.98,214.00,1
906,15875.09,95.99,2,2.98,89.63,6,4.54,2.93,0.10,90.39,7,1426.73,0.48,6.88,361.00,1
843,13614.31,94.79,5,1.72,93.46,8,0.68,5.64,0.01,88.22,3,1715.32,0.30,3.53,278.33,1
409,16655.74,86.67,4,4.90,91.04,11,3.81,4.69,0.02,94.99,2,2697.48,0.39,3.46,286.42,1
154,9708.13,95.48,1,1.45,62.78,7,3.33,9.13,0.06,91.42,9,4495.49,0.18,7.66,451.09,1
722,13070.34,81.04,5,2.63,80.34,5,2.06,8.22,0.06,81.77,8,3531.64,0.40,2.26,327.15,0
647,12388.54,94.20,1,4.35,84.56,20,1.68,6.48,0.02,87.33,1,4303.21,0.21,7.65,494.75,1
464,6890.03,93.52,0,4.00,67.63,1,3.94,5.64,0.03,89.90,8,2110.53,0.25,7.10,213.26,1
172,12344.37,98.08,4,3.02,61.06,22,4.57,4.06,0.04,89.92,1,1955.45,0.37,2.64,447.57,1
740,10582.60,83.19,5,2.35,87.54,23,3.45,8.57,0.06,97.41,9,1327.70,0.11,6.70,103.56,1
715,13563.16,83.34,4,4.00,86.51,16,2.15,8.25,0.09,81.64,5,1600.90,0.28,2.14,317.93,1
328,18906.86,91.98,4,0.85,91.13,12,1.87,2.96,0.03,94.70,3,1724.54,0.48,8.08,355.72,1
271,13568.91,84.54,3,3.68,88.98,6,0.07,4.20,0.09,95.38,8,2675.87,0.13,5.48,382.83,1
965,10510.86,80.39,0,3.21,74.97,3,1.68,3.01,0.09,96.88,4,4653.24,0.18,7.40,464.86,1
916,7626.85,92.68,3,1.46,74.56,3,2.75,2.72,0.01,95.72,1,2421.64,0.36,5.32,371.80,1
596,8745.03,90.65,0,1.82,88.39,19,3.95,4.39,0.06,89.24,4,4520.55,0.48,5.74,418.51,1
111,5009.80,87.86,2,0.55,80.58,16,3.09,5.42,0.00,86.23,9,3900.70,0.18,9.01,138.17,1
417,18060.04,83.59,0,2.42,63.50,14,1.92,9.11,0.10,98.15,8,4995.35,0.43,8.51,317.13,1
584,12291.96,88.69,3,0.93,81.39,8,2.67,3.84,0.06,94.84,1,1852.58,0.23,3.83,156.42,0
636,8113.11,85.31,4,2.05,61.94,5,1.92,6.52,0.09,86.98,8,2684.66,0.38,6.67,185.28,1
188,18626.52,84.12,1,4.60,89.84,17,2.32,3.91,0.09,85.07,1,4422.79,0.42,1.27,331.04,1
637,11449.78,87.16,2,3.27,79.65,14,1.51,8.21,0.08,97.01,9,3564.92,0.24,7.77,209.98,1
500,7560.63,87.67,4,2.39,96.75,6,4.13,9.68,0.07,84.05,0,1857.28,0.16,1.27,222.42,0
893,5456.96,89.83,4,1.35,95.87,4,4.18,4.01,0.07,91.90,8,3156.74,0.15,3.55,321.52,1
185,8066.73,97.92,0,0.54,96.80,0,4.15,3.83,0.08,87.27,4,3010.82,0.41,6.46,286.40,0
881,14226.94,86.40,5,4.86,68.78,7,4.92,5.67,0.02,96.74,7,1443.30,0.16,4.52,258.83,1
597,17587.71,84.62,3,1.38,78.13,18,2.58,9.81,0.03,83.22,2,4274.26,0.30,7.53,278.42,1
322,5744.22,99.56,3,2.04,66.68,4,0.36,4.27,0.06,86.66,8,2173.75,0.35,7.83,111.38,1
372,10696.27,98.22,0,3.47,97.69,2,1.99,7.62,0.08,98.72,1,4722.10,0.10,9.71,244.67,1
251,16261.54,98.69,0,3.48,82.04,20,0.44,8.76,0.08,95.07,7,2839.94,0.17,1.74,475.43,1
719,6882.29,80.97,2,2.60,64.43,11,4.85,7.16,0.06,82.11,5,4132.64,0.21,4.46,276.74,1
448,5451.56,89.50,4,1.15,89.88,10,0.71,2.55,0.02,99.78,9,3622.10,0.32,4.84,421.34,0
115,8982.45,86.20,2,3.35,83.77,20,2.09,6.68,0.01,81.73,1,3310.71,0.27,2.42,115.95,1
592,14171.95,96.24,4,0.73,92.05,20,0.33,3.57,0.05,90.82,9,1265.65,0.49,2.63,119.76,1
207,9763.25,93.46,1,1.19,68.40,12,1.58,4.45,0.08,80.38,1,1688.87,0.11,1.21,145.16,1
993,17721.64,80.94,1,4.24,91.36,17,0.04,4.52,0.07,98.79,9,2342.18,0.45,8.82,290.32,1
549,19207.42,91.33,5,2.10,87.43,6,0.05,8.96,0.08,99.56,6,3715.26,0.29,4.15,436.95,0
858,15740.75,89.48,1,4.60,94.87,0,2.61,3.23,0.10,84.25,4,4972.68,0.16,4.42,480.92,1
417,7786.00,92.84,1,3.90,84.35,1,4.51,9.48,0.01,91.51,7,1531.65,0.44,4.06,221.95,1
371,6385.41,87.24,0,3.57,77.13,17,1.69,4.79,0.02,95.12,8,3073.02,0.16,5.75,211.26,1
539,7441.86,93.21,3,4.73,78.59,18,3.03,3.59,0.02,83.35,9,1706.78,0.36,6.18,425.65,1
338,7257.08,83.98,5,4.42,87.12,22,1.28,3.40,0.05,85.01,9,2471.10,0.26,7.89,444.94,1
804,11036.09,83.15,1,4.46,69.48,23,0.64,5.22,0.01,81.79,0,2023.31,0.24,9.20,489.59,1
904,7769.49,93.34,3,2.15,75.05,14,0.57,8.44,0.06,80.41,1,3911.63,0.36,6.46,351.50,1
160,10131.61,98.23,4,4.90,72.04,9,4.96,5.89,0.02,86.50,6,2022.80,0.38,3.13,351.57,1
944,11507.66,80.00,5,4.94,84.65,10,4.35,8.10,0.05,97.17,8,2866.20,0.48,3.46,144.33,1
810,13200.44,85.01,3,3.03,92.77,2,4.59,6.51,0.02,93.68,5,4727.19,0.26,1.15,323.12,1
663,18536.20,96.12,4,1.63,96.44,8,0.61,4.99,0.01,96.49,7,1634.13,0.45,6.89,342.50,0
871,10159.37,85.59,2,4.80,92.52,2,3.10,8.20,0.07,90.51,4,2863.29,0.45,8.09,333.53,1
670,15995.00,83.83,4,2.68,72.20,18,3.10,9.08,0.04,99.31,0,2261.05,0.46,6.54,298.09,1
683,14879.92,90.09,1,1.99,83.47,10,4.35,2.48,0.01,80.09,2,2426.97,0.36,8.83,420.84,0
984,18475.80,94.95,2,4.61,60.15,9,1.31,4.67,0.02,86.12,9,4805.95,0.22,1.82,110.57,1
592,9901.92,96.34,2,1.05,90.46,0,4.88,6.48,0.08,82.07,3,4454.40,0.11,7.92,195.88,0
206,17014.71,92.08,1,4.99,64.72,13,3.52,9.86,0.05,82.38,6,1750.12,0.11,2.16,321.30,1
852,6780.64,87.67,0,4.02,87.29,2,3.55,8.92,0.03,99.09,4,2234.46,0.28,7.75,222.79,1
873,13922.71,91.72,5,1.17,80.81,14,0.70,8.96,0.06,91.07,9,2222.90,0.20,6.28,175.58,1
153,14880.76,96.72,2,2.41,84.88,10,3.15,8.64,0.04,83.27,4,4297.55,0.21,3.40,102.19,0
146,12984.38,85.30,0,1.80,79.84,3,0.49,7.61,0.08,81.36,7,3170.03,0.46,3.56,309.70,0
852,19753.51,83.01,5,1.48,76.74,23,1.30,2.81,0.00,87.45,7,4113.39,0.21,9.41,174.63,1
789,5755.24,84.10,4,3.56,97.73,23,2.88,2.36,0.04,94.59,9,1377.34,0.28,4.17,291.78,1
709,9922.69,95.57,5,2.27,79.17,21,3.13,9.11,0.04,86.29,5,2330.75,0.42,3.42,133.76,1
366,8135.89,82.62,1,0.79,88.92,3,4.81,2.77,0.05,99.78,6,1644.60,0.27,1.23,384.23,0
716,6270.33,92.02,4,1.52,75.73,22,2.26,8.38,0.10,83.90,6,4127.33,0.17,6.21,470.50,1
294,10714.87,87.30,5,1.10,75.05,10,3.63,8.97,0.07,99.54,3,3789.46,0.45,6.48,482.56,0
269,10769.17,81.49,2,3.45,70.28,7,4.99,4.18,0.04,84.95,6,4548.39,0.10,9.56,157.19,1
620,11886.86,90.07,5,2.94,90.04,11,2.91,3.76,0.08,96.22,1,2691.22,0.36,5.78,385.53,1
275,14846.14,80.37,5,1.41,63.83,12,1.38,6.72,0.03,82.07,9,3006.47,0.13,9.78,326.80,1
848,15137.34,84.89,5,1.36,74.84,18,0.25,3.18,0.03,99.10,2,1665.96,0.41,9.27,217.95,1
452,11287.74,98.16,2,1.65,61.33,10,3.36,5.51,0.04,80.02,9,2696.36,0.24,7.06,391.17,1
880,12536.41,98.15,0,1.48,75.68,12,2.93,2.86,0.02,91.89,3,2801.30,0.10,2.56,285.11,1
792,18292.73,88.20,3,3.56,73.38,2,1.92,6.69,0.05,84.22,9,3902.20,0.20,5.51,302.03,1
846,11426.87,83.24,5,3.57,74.64,5,2.06,8.15,0.09,90.85,4,1169.89,0.41,4.59,346.38,1
536,8767.54,85.30,4,3.76,65.64,8,1.27,8.09,0.06,89.24,2,2858.04,0.15,6.59,396.94,1
688,5589.04,95.40,3,1.05,88.61,6,1.37,2.60,0.07,91.01,7,1474.68,0.23,2.02,418.38,0
322,11003.18,88.22,4,1.47,63.35,14,0.60,7.17,0.03,85.21,4,2067.95,0.41,2.31,418.65,1
799,8988.93,93.99,3,1.44,71.91,14,2.33,9.29,0.02,83.24,8,2680.56,0.44,3.38,198.59,1
425,15320.68,85.25,3,3.37,71.96,6,4.37,2.21,0.00,90.39,1,1351.02,0.13,4.69,110.23,1
930,13196.88,89.52,5,2.98,97.66,20,1.83,9.30,0.03,82.58,3,4935.71,0.49,7.29,459.41,1
295,6261.91,95.60,5,2.53,83.57,21,4.05,9.52,0.07,88.70,1,1885.81,0.41,8.66,374.77,1
291,7445.29,90.04,4,0.66,86.49,15,3.30,4.20,0.01,84.30,7,2424.51,0.32,7.36,339.72,1
309,11294.41,95.32,3,3.81,63.38,1,1.21,7.17,0.07,91.62,6,2740.43,0.22,3.32,277.01,1
978,15641.58,90.18,4,3.75,66.72,15,2.57,7.12,0.02,81.89,6,4119.91,0.27,2.91,389.30,1
637,13248.03,94.29,3,2.32,61.33,3,3.76,4.83,0.00,97.96,4,1539.62,0.14,9.41,243.37,1
529,11391.82,98.25,1,3.94,72.56,0,0.73,7.54,0.05,87.31,6,3451.55,0.41,9.93,215.02,1
615,8364.78,82.63,5,2.35,68.18,21,3.14,7.51,0.00,81.33,8,1778.99,0.31,8.84,106.78,1
138,6430.41,97.19,1,4.63,97.35,16,3.76,6.80,0.07,90.81,4,3993.97,0.25,6.17,131.45,1
899,5769.41,90.88,2,3.81,87.21,18,1.76,9.91,0.00,84.97,2,2704.37,0.43,4.05,428.08,1
229,12388.03,86.77,1,0.54,95.63,20,0.25,9.65,0.02,92.12,0,3075.19,0.48,3.97,499.12,1
948,17081.48,98.11,0,2.51,67.83,10,0.05,7.03,0.02,96.86,1,3370.40,0.13,6.25,380.84,1
539,7238.74,85.69,0,3.91,65.77,16,3.88,8.23,0.08,85.35,7,3561.65,0.36,8.25,446.03,1
120,10416.12,93.37,3,0.96,69.85,17,1.81,7.66,0.07,86.45,2,2146.22,0.22,1.32,219.58,1
873,5520.09,97.07,1,0.73,64.19,0,1.69,8.87,0.05,86.64,9,4647.10,0.12,2.35,367.44,1
756,19888.73,80.47,2,1.18,74.84,4,4.02,5.49,0.00,82.34,8,4852.82,0.44,8.54,190.20,1
408,19826.31,97.50,0,4.71,70.09,7,3.98,8.07,0.06,94.53,6,4716.40,0.14,8.31,475.93,1
619,19659.20,86.03,5,1.12,95.10,5,3.83,9.32,0.08,94.07,8,3761.74,0.49,6.08,444.11,0
635,11412.30,90.08,1,2.56,79.66,9,4.08,2.04,0.09,87.30,6,4921.22,0.29,9.02,108.25,0
477,13463.48,85.67,1,1.21,97.93,11,0.16,5.29,0.08,95.42,5,4607.25,0.22,9.65,383.92,1
305,13342.86,89.86,3,0.83,90.40,20,4.55,8.34,0.02,85.67,8,3424.32,0.25,6.15,477.84,1
600,17983.44,80.81,1,4.23,79.50,5,4.51,5.76,0.01,94.00,9,2250.95,0.20,1.47,254.38,1
820,13913.63,86.07,4,2.61,94.22,10,3.74,5.39,0.06,91.11,0,1527.41,0.41,8.04,224.93,1
373,13630.39,99.79,1,4.65,67.10,3,0.75,8.22,0.05,94.43,4,4193.05,0.10,6.45,330.28,1
265,8499.99,90.64,3,4.53,81.02,2,3.13,4.65,0.04,96.32,0,4663.61,0.48,8.17,351.52,1
110,16206.17,94.06,4,0.91,99.20,1,1.62,5.70,0.01,99.75,1,3548.68,0.15,9.48,202.47,0
400,8280.71,81.36,1,3.88,72.79,17,4.44,4.71,0.10,87.47,7,2029.55,0.29,5.86,340.38,1
201,14089.95,94.76,3,0.63,84.34,12,0.84,2.92,0.01,92.75,1,4860.69,0.19,7.95,378.90,1
187,18932.89,90.37,2,2.18,82.91,12,1.42,3.97,0.01,88.72,8,3758.39,0.19,7.67,251.34,1
652,9979.57,87.05,1,4.44,88.69,17,4.58,8.67,0.04,90.38,8,4142.28,0.40,2.18,232.64,1
500,11980.05,84.68,5,1.46,89.80,12,2.31,6.38,0.03,86.42,6,3373.31,0.12,2.73,103.87,1
687,5205.24,81.00,3,1.96,96.20,3,3.24,8.85,0.05,85.86,1,2005.28,0.43,2.14,167.82,0
145,8878.87,93.08,4,3.29,60.01,21,0.78,9.27,0.08,81.34,8,4244.43,0.48,6.96,439.34,1
191,9438.98,90.25,0,4.71,62.45,13,3.59,8.84,0.06,96.87,7,3426.38,0.43,4.30,463.14,1
970,9400.30,94.09,5,1.63,77.65,12,4.90,9.14,0.09,97.28,2,3986.47,0.21,8.62,109.86,1
189,12882.05,89.08,4,2.94,92.36,3,1.23,3.16,0.07,95.98,7,3268.68,0.44,4.58,440.91,0
986,15194.50,89.86,5,2.12,95.03,17,4.80,9.06,0.02,93.15,5,1061.37,0.12,5.15,388.01,1
527,19188.87,91.58,3,1.82,78.39,10,4.46,3.49,0.04,88.78,6,2205.82,0.13,1.51,132.18,0
416,9079.32,93.48,0,4.80,76.71,10,1.22,3.10,0.06,96.92,9,3147.02,0.29,8.14,384.87,1
815,10140.96,88.62,0,0.74,94.53,14,1.11,7.20,0.04,95.49,6,1421.02,0.26,4.67,313.05,1
959,18775.96,93.75,1,1.96,66.07,0,0.75,3.27,0.01,96.67,6,1378.06,0.45,8.90,111.66,1
489,13104.49,83.25,5,2.81,60.98,0,3.56,9.71,0.06,98.98,8,4000.96,0.15,8.74,378.93,1
121,19364.47,93.72,4,2.98,65.11,21,4.57,9.86,0.00,98.60,4,3340.00,0.31,1.34,152.87,1
226,13233.09,91.45,3,1.38,87.54,20,4.48,9.84,0.08,82.03,2,4541.01,0.13,9.73,159.69,1
908,10699.69,88.09,4,3.94,62.96,19,3.97,4.96,0.07,86.48,5,3946.87,0.16,1.50,475.61,1
186,9723.78,83.51,3,1.28,82.88,15,1.16,6.86,0.05,97.76,6,4528.83,0.35,7.58,472.44,1
455,17187.11,83.64,0,4.34,82.27,11,2.54,8.64,0.02,91.89,2,2153.23,0.13,2.31,126.04,1
408,15087.61,93.80,0,2.52,90.27,20,4.43,9.65,0.07,97.40,5,3061.80,0.27,4.64,225.99,1
406,6998.15,89.38,3,4.48,94.84,5,1.24,5.74,0.10,86.85,4,3476.68,0.16,1.44,103.55,1
822,13677.39,86.19,0,1.51,71.25,4,1.06,6.35,0.06,84.32,7,3884.92,0.25,1.77,449.03,1
544,11645.51,85.59,2,4.82,61.79,18,2.87,2.20,0.09,81.88,7,2086.47,0.13,7.63,255.14,1
431,6883.25,82.68,1,4.01,73.13,23,2.80,9.78,0.10,90.26,6,1034.54,0.27,8.07,369.29,1
904,5855.40,82.33,1,2.17,73.52,19,3.68,7.90,0.04,80.41,9,1920.05,0.21,8.82,165.26,1
463,13165.17,85.36,0,2.46,95.36,8,1.61,6.06,0.06,94.50,2,1856.23,0.15,1.31,236.10,0
631,14566.61,97.43,4,3.50,73.64,6,1.16,9.81,0.09,87.99,0,4536.84,0.37,5.06,189.91,1
788,12471.95,88.09,2,3.90,93.20,12,0.09,5.60,0.09,95.15,4,4187.48,0.35,7.87,150.53,1
611,13746.95,87.47,3,1.90,75.22,13,2.47,9.95,0.04,83.06,9,1423.10,0.44,2.73,358.10,1
394,15526.07,96.36,5,4.90,62.28,2,0.96,7.99,0.07,84.71,8,2423.53,0.37,9.31,476.20,1
742,16497.91,80.26,4,4.49,78.07,1,4.70,8.96,0.02,82.56,1,4316.90,0.15,1.26,436.91,1
836,16343.81,88.79,3,3.18,64.16,3,3.83,8.47,0.02,82.61,3,2276.92,0.22,8.06,141.29,1
966,11812.75,89.93,5,3.08,91.41,21,0.17,5.26,0.01,97.97,8,2260.88,0.45,8.14,435.05,1
893,11184.20,88.07,1,4.16,87.89,17,3.12,6.27,0.02,84.61,7,1436.67,0.31,5.98,427.33,1
625,5930.55,87.95,2,4.32,83.38,15,2.55,3.70,0.01,93.07,7,4301.41,0.18,3.71,392.25,1
392,14871.53,81.57,3,0.75,70.11,14,1.78,8.75,0.02,84.90,5,4953.29,0.20,1.81,463.29,1
652,11776.09,97.01,2,4.42,81.68,12,2.93,8.66,0.08,86.66,6,4236.72,0.19,3.75,289.11,1
603,14895.35,91.14,2,2.84,99.51,17,4.00,2.32,0.08,84.20,2,1788.14,0.31,7.51,414.81,1
127,12161.24,82.26,3,3.01,83.01,3,4.86,5.71,0.07,87.63,2,1444.27,0.34,6.96,444.88,1
360,10071.27,84.78,1,1.77,94.25,4,0.47,3.16,0.04,93.56,1,2314.31,0.21,3.38,277.91,0
523,10876.14,81.13,4,0.58,77.99,16,1.10,8.80,0.09,96.95,2,4255.36,0.49,4.43,469.89,1
402,5878.48,94.57,2,2.88,72.49,14,3.37,6.65,0.05,95.14,1,1687.41,0.42,6.87,284.42,1
494,13928.45,92.25,2,4.48,86.84,11,0.47,4.57,0.04,90.52,2,1182.45,0.25,9.50,313.90,1
109,18078.70,91.71,2,0.88,85.83,10,1.70,4.81,0.05,95.44,6,1748.54,0.32,9.74,181.45,0
806,13654.72,90.95,1,2.50,82.38,18,3.12,7.40,0.03,95.35,0,1402.13,0.14,9.32,371.88,1
729,10182.21,92.81,0,4.32,61.83,10,1.24,2.52,0.09,93.08,0,3224.43,0.49,5.52,107.66,1
375,11491.57,88.09,3,0.62,90.80,9,3.85,6.36,0.05,90.83,7,1068.26,0.27,3.25,296.32,0
875,13935.20,87.87,3,4.21,69.05,21,4.99,7.37,0.02,93.19,4,4596.62,0.47,4.12,414.42,1
220,12152.58,95.59,5,1.57,73.52,2,1.10,5.56,0.06,84.86,9,1866.97,0.13,3.71,247.38,1
264,9156.04,98.91,0,1.95,77.12,22,3.07,8.57,0.09,96.46,4,4892.52,0.39,2.54,262.33,1
404,19113.20,88.18,1,4.92,73.04,5,0.49,4.74,0.05,81.89,8,1924.79,0.37,8.79,242.73,1
255,15830.99,83.77,0,3.78,92.18,14,4.36,4.90,0.09,82.43,8,2293.70,0.18,8.91,307.44,1
818,11081.34,90.57,0,2.80,74.39,18,2.11,3.83,0.07,84.05,2,3842.99,0.14,3.79,183.47,1
981,19039.06,93.28,4,2.05,61.83,2,3.48,5.57,0.05,96.83,0,2573.67,0.49,1.99,110.84,1
381,19737.82,81.10,2,4.59,66.08,8,1.95,8.26,0.09,97.96,2,2200.20,0.30,3.12,407.92,1
100,17215.80,80.75,2,0.84,88.78,7,2.62,9.63,0.04,88.35,0,3527.28,0.21,7.86,338.29,0
134,6982.69,90.85,0,2.23,88.58,9,0.04,8.62,0.01,97.57,0,1213.39,0.21,4.95,275.39,0
305,8244.99,94.11,5,4.76,72.11,17,2.61,8.55,0.00,92.60,9,2877.92,0.25,7.89,499.98,1
589,5725.44,87.89,0,0.55,81.70,0,3.79,8.46,0.05,83.97,5,3078.48,0.25,7.74,454.59,0
792,17395.11,82.40,2,4.91,75.60,12,1.49,4.32,0.06,93.26,1,2413.01,0.30,8.82,420.31,1
138,19369.19,97.90,1,4.31,89.46,18,3.10,2.02,0.09,83.69,6,3932.93,0.21,9.82,254.38,1
483,12851.02,98.08,5,0.68,98.23,16,4.81,2.35,0.03,85.28,1,4986.51,0.41,5.15,441.30,1
737,8401.59,86.40,0,1.40,83.21,15,1.60,8.85,0.05,86.99,7,2396.08,0.50,7.89,111.64,1
407,6201.59,83.76,0,1.65,73.50,16,0.77,8.58,0.07,87.56,8,1405.38,0.24,5.17,453.02,1
474,8034.41,86.26,0,0.94,85.16,13,2.38,6.67,0.07,92.83,9,4060.49,0.46,9.84,120.31,1
440,5767.25,98.04,3,3.53,66.87,1,2.92,2.76,0.01,91.15,2,2004.34,0.41,2.67,357.61,1
410,18170.50,90.27,0,3.02,84.90,12,4.93,6.13,0.01,95.14,2,2293.11,0.11,1.14,444.35,1
218,13368.11,93.01,2,4.92,61.43,20,4.53,7.72,0.10,86.11,4,1956.34,0.31,7.59,394.29,1
244,7779.15,89.77,5,3.11,93.79,14,3.54,6.68,0.02,85.99,9,2422.40,0.16,8.34,296.04,1
939,6157.81,92.47,4,4.08,76.62,0,1.33,7.61,0.09,87.70,4,1654.32,0.29,3.28,245.33,1
900,6849.26,89.00,4,4.88,73.59,18,1.39,4.44,0.04,90.24,5,2325.49,0.44,7.36,387.84,1
168,7138.35,84.00,5,2.32,85.15,6,0.58,7.11,0.09,94.79,3,4831.98,0.25,9.57,303.15,0
319,6151.37,81.44,2,2.95,69.75,3,4.99,2.10,0.00,92.68,9,4215.98,0.12,3.59,145.89,1
803,5062.81,82.95,0,4.78,67.75,11,4.12,7.46,0.03,87.60,8,2637.59,0.37,6.30,419.12,1
188,11231.65,94.33,4,4.75,83.78,13,1.90,7.37,0.09,95.98,5,3144.67,0.19,9.56,201.03,1
480,8553.86,92.86,2,2.31,97.50,0,1.08,9.29,0.09,82.46,1,4448.83,0.45,9.84,179.61,0
743,16962.71,86.85,4,1.26,89.86,20,3.62,5.52,0.06,85.29,3,2250.15,0.42,3.36,255.68,1
553,12126.35,97.66,5,4.99,98.81,16,1.37,8.59,0.08,87.27,9,2524.75,0.43,5.48,132.49,1
443,17459.34,90.60,0,3.71,73.80,7,2.30,8.72,0.06,87.41,5,2386.38,0.46,3.31,471.69,1
427,19239.10,90.75,0,1.32,90.25,1,1.47,4.77,0.00,97.54,0,1507.71,0.28,8.08,228.52,0
882,13302.08,80.11,2,3.77,68.22,16,0.22,9.24,0.06,95.14,1,4869.09,0.50,9.81,431.45,1
913,5377.99,81.92,5,3.93,60.70,0,3.46,5.28,0.01,86.64,4,1340.82,0.18,3.34,305.96,1
888,9284.39,91.99,2,3.03,79.85,12,4.56,2.18,0.08,97.01,0,3945.58,0.49,4.91,409.62,1
901,19122.11,93.25,5,2.24,88.33,2,4.04,4.31,0.06,90.40,7,2258.19,0.29,6.17,148.84,1
850,18448.62,97.63,3,0.92,86.80,0,2.94,9.62,0.04,81.43,9,4080.58,0.38,4.26,142.21,1
255,7944.41,97.84,3,0.71,70.31,6,3.11,5.61,0.04,82.24,3,4163.13,0.28,1.13,336.89,1
747,17924.97,92.28,0,1.34,88.59,15,1.20,6.17,0.00,93.68,4,4466.35,0.44,2.30,403.18,1
243,13656.76,81.75,5,2.77,80.86,4,4.15,7.46,0.08,92.73,2,3890.67,0.28,2.90,461.60,0
743,13581.84,82.06,3,2.14,88.62,7,4.07,9.52,0.08,91.75,5,2249.96,0.34,5.02,387.89,0
444,9031.96,90.08,4,3.06,70.40,19,3.59,8.05,0.09,94.03,1,3201.82,0.18,8.75,438.96,1
362,9596.23,86.49,3,4.98,87.82,6,3.23,2.48,0.09,90.57,0,1467.14,0.36,5.76,238.59,1
682,6316.82,90.36,4,3.00,66.27,13,0.06,4.24,0.07,80.39,8,1842.73,0.35,5.91,199.99,1
551,5207.93,86.84,3,4.35,76.34,15,4.95,2.83,0.03,89.63,3,3231.62,0.40,2.78,269.23,1
475,7306.76,88.58,2,2.58,99.54,19,1.51,8.70,0.10,90.83,1,3388.90,0.12,5.16,459.37,1
658,13468.86,80.01,1,4.28,69.83,19,0.35,3.79,0.07,92.24,0,1013.44,0.17,2.13,483.75,1
376,15802.36,80.76,0,4.54,87.89,1,0.98,3.75,0.09,89.15,2,1209.00,0.24,6.03,481.76,1
125,5738.31,86.30,1,2.35,79.26,7,3.96,9.44,0.05,87.46,8,4756.68,0.32,7.94,161.08,0
477,8309.77,97.09,2,0.71,73.70,13,1.30,3.49,0.06,83.85,8,4583.43,0.16,5.03,425.51,1
683,15123.40,81.13,5,3.54,92.62,9,1.45,4.20,0.06,81.80,8,1962.80,0.27,3.25,177.10,1
148,16400.08,84.60,4,3.62,73.13,10,4.50,7.86,0.02,82.08,4,2705.35,0.39,4.73,410.26,1
253,9688.97,90.32,1,4.89,76.98,23,1.94,5.97,0.05,90.48,5,2127.06,0.29,5.17,392.91,1
245,6960.76,86.72,2,3.78,61.23,21,1.82,5.93,0.02,95.58,5,3218.05,0.45,5.90,111.29,1
538,15939.65,81.90,0,2.02,75.80,3,1.30,5.73,0.06,90.05,8,1048.93,0.16,9.94,232.21,0
341,13625.91,84.01,0,1.82,72.65,21,3.49,6.45,0.08,95.60,6,2105.38,0.15,6.68,420.90,1
660,9682.85,97.53,4,0.93,73.52,15,1.71,9.34,0.04,92.72,5,2633.95,0.43,1.37,217.21,1
760,9037.42,97.38,2,3.51,84.48,3,3.70,9.01,0.03,83.38,9,1854.98,0.22,4.19,262.41,1
761,7979.47,91.37,3,3.73,77.09,13,3.88,5.50,0.00,81.49,9,3511.73,0.44,6.80,349.87,1
554,18454.93,92.29,2,4.81,68.60,16,1.56,8.19,0.08,91.27,3,2382.39,0.23,3.50,142.64,1
622,7742.20,89.88,1,1.26,95.19,9,2.13,8.90,0.04,82.20,2,2860.26,0.48,7.59,245.51,0
749,19344.38,82.37,2,1.97,77.61,16,0.93,4.19,0.04,94.29,6,2571.80,0.30,7.40,349.81,1
540,12292.60,95.81,2,1.93,81.88,2,2.97,2.29,0.04,99.02,5,1595.14,0.44,2.08,463.34,0
419,9754.14,88.42,3,2.40,88.79,21,0.68,3.96,0.02,91.67,2,3045.10,0.37,8.91,156.00,1
902,17132.39,88.21,0,4.34,64.46,0,4.39,9.50,0.08,83.99,3,2461.42,0.27,7.28,371.35,1
362,18132.33,84.63,2,3.97,67.11,0,4.78,2.37,0.01,80.14,5,2792.66,0.32,3.01,129.26,1
379,12508.69,86.92,4,2.90,90.01,13,1.21,2.16,0.01,95.99,1,1977.95,0.32,3.85,440.80,1
799,14685.88,87.16,5,1.01,85.25,12,2.76,4.82,0.03,95.85,5,3525.06,0.28,7.42,395.71,1
401,12658.56,80.17,4,2.97,72.65,22,4.65,7.35,0.01,93.96,4,2124.68,0.48,4.28,331.09,1
630,6799.29,96.78,4,0.51,66.44,12,2.87,6.22,0.10,97.72,5,1352.10,0.46,4.14,151.33,1
679,9680.96,80.64,3,1.96,76.37,8,1.22,9.54,0.06,83.99,8,3020.21,0.36,2.75,374.84,0
317,17035.94,98.80,0,1.49,86.46,16,2.20,2.14,0.05,83.54,9,3257.94,0.47,6.35,107.24,1
840,19186.25,81.08,5,4.26,81.85,7,4.78,4.13,0.00,96.34,6,3773.18,0.17,9.43,485.39,1
747,16129.67,96.45,0,4.69,79.64,9,3.89,9.83,0.07,83.22,4,3272.43,0.12,2.33,252.68,1
811,11913.48,85.38,2,0.73,96.34,8,1.38,5.93,0.03,82.04,2,3557.97,0.33,8.79,404.70,1
166,17443.44,80.88,1,1.83,84.32,7,1.85,8.21,0.02,97.90,5,2516.41,0.50,5.02,492.84,0
229,18189.19,88.26,3,2.38,64.23,7,2.09,4.16,0.07,83.88,4,3123.06,0.20,1.59,129.47,1
869,11116.67,80.05,2,1.90,94.02,5,1.39,4.31,0.09,86.19,1,2971.22,0.20,6.56,116.23,1
541,10896.83,85.21,1,2.44,61.73,2,4.45,4.80,0.03,82.92,3,1123.12,0.31,6.99,382.87,1
552,5160.73,97.27,0,4.56,75.20,15,3.15,9.36,0.06,89.44,5,4313.83,0.23,3.24,346.72,1
386,10537.04,96.44,1,3.40,77.47,5,3.51,6.63,0.06,85.00,5,3449.88,0.12,5.50,354.54,1
307,12808.16,86.74,0,0.66,67.21,6,0.94,5.89,0.06,94.98,1,2108.82,0.24,7.89,141.56,1
756,8749.59,87.27,0,2.18,98.54,7,4.64,8.02,0.05,91.80,9,3159.49,0.21,1.60,271.04,0
499,6100.46,92.82,3,1.93,68.61,23,2.44,7.12,0.04,85.35,6,1993.56,0.22,7.24,215.33,1
747,14947.19,98.03,4,3.30,82.07,13,2.83,7.94,0.03,86.79,6,2043.98,0.50,5.60,151.22,1
378,7935.69,94.58,5,4.34,73.85,21,1.51,7.53,0.02,87.24,6,3554.29,0.16,5.13,187.47,1
616,8849.71,92.06,0,3.05,73.43,8,1.38,8.18,0.09,95.34,7,2196.48,0.43,5.46,261.16,1
183,10175.25,97.58,1,2.44,96.13,2,4.50,8.24,0.01,82.41,8,4190.61,0.39,8.81,312.74,0
842,11280.43,89.37,1,3.23,79.67,13,4.18,9.98,0.09,82.54,0,1205.42,0.35,3.87,474.86,1
883,18725.02,85.50,2,1.28,70.86,17,2.50,2.51,0.03,96.12,8,1703.51,0.25,8.00,495.97,1
762,6787.11,83.07,5,0.71,73.94,12,0.03,4.83,0.07,82.11,4,2179.29,0.42,4.60,230.50,1
848,10232.48,95.15,1,4.95,85.94,21,2.46,7.98,0.08,96.41,4,4104.23,0.26,4.33,461.32,1
506,10877.16,95.84,3,1.47,60.83,7,1.11,9.22,0.06,86.34,6,3797.29,0.16,5.98,368.23,1
765,17036.03,96.77,5,0.67,75.82,13,4.20,9.72,0.04,84.35,3,3839.71,0.40,1.77,329.16,1
441,16670.69,89.11,5,4.70,90.18,5,4.34,3.79,0.04,88.63,9,1713.99,0.24,3.75,304.18,1
343,12248.48,94.41,2,3.60,85.73,6,2.88,7.29,0.09,91.59,6,3317.30,0.11,4.25,187.53,1
777,17862.96,95.13,5,1.98,73.94,22,1.84,7.49,0.07,93.32,1,4442.03,0.28,2.66,441.20,1
561,17283.04,84.42,4,2.01,84.73,15,0.95,5.15,0.04,97.50,2,4351.63,0.14,7.20,456.06,1
625,8617.48,89.13,3,3.86,85.05,16,0.79,8.05,0.01,99.79,8,4571.55,0.43,1.37,274.27,1
958,11260.92,84.60,0,3.09,83.09,18,4.60,3.97,0.01,84.77,3,4062.53,0.33,1.66,290.59,1
305,18579.48,84.55,0,4.03,88.70,1,0.40,6.99,0.01,95.12,8,3110.96,0.22,8.52,111.79,1
209,6857.69,99.59,0,3.89,83.07,10,0.10,3.15,0.07,85.46,1,4958.41,0.18,7.02,403.84,1
535,13169.46,82.02,1,1.56,84.24,5,1.64,3.15,0.03,98.36,9,2341.22,0.40,5.73,149.86,0
216,7532.15,82.55,1,2.00,96.65,1,4.99,2.67,0.08,93.46,3,1373.38,0.22,3.20,390.28,0
178,16541.64,96.03,4,3.59,69.30,6,2.07,9.20,0.03,98.22,3,2057.11,0.24,7.74,472.78,1
272,18638.03,86.73,1,4.39,77.65,17,3.93,9.54,0.00,97.81,4,3834.25,0.35,9.64,107.32,1
191,9334.53,85.14,5,4.01,89.42,10,1.93,6.31,0.02,82.50,7,2798.76,0.20,4.90,160.85,1
